<?xml version="1.0" encoding="UTF-8"?>
<!DOCTYPE mapper
	 PUBLIC "-//mybatis.org//DTD Mapper 3.0//EN"
	 "http://mybatis.org/dtd/mybatis-3-mapper.dtd">
	 
<mapper namespace="com.org.donation.service.impl.DonationMapper">
	<!-- 후원게시판등록 -->
	<insert id="insertDonation" parameterType="map">
		insert into donation(id,dtitle, dcontent, ddate, dviews, dfile) values(#{id}, #{dtitle}, #{dcontent}, NOW(), 0, #{dfile});
	</insert>
	
	<!-- 후원게시판 리스트 -->
	<select id="selectDonationList" resultType="map">
		select * from donation
	</select>
	
	<!-- 후원게시판 상세보기 -->
	<select id="selectDonation" parameterType="int" resultType="map">
		select * from donation where dseq = #{dseq}
	</select>
	
	<delete id="deleteDonation" parameterType="int">
		delete from donation where dseq = #{dseq}
	</delete>
	
	<update id="updateDonation" parameterType="map">
		update donation set dtitle=#{dtitle}, dcontent=#{dcontent}, dfile=#{dfile} where dseq = #{dseq}
	</update>
</mapper>