<?xml version="1.0" encoding="UTF-8"?>
<!DOCTYPE mapper
	 PUBLIC "-//mybatis.org//DTD Mapper 3.0//EN"
	 "http://mybatis.org/dtd/mybatis-3-mapper.dtd">
<mapper namespace="com.org.member.service.impl.MemberMapper">
	<!-- 전체출력 -->
	<select id="selectUserList" resultType="hashmap">
		select * from member
	</select>
	
	<!-- 로그인 -->
	<select id="selectMember" parameterType="map" resultType="hashMap">
		select * 
		  from member 
		  <where>
		  	id = #{id} and pwd = #{pwd}
		  </where> 
	</select>
	
	<!-- 회원가입 -->
	<insert id="insertMember" parameterType="map">
		insert into member values(#{id},#{pwd},#{name},#{usergrp});
	</insert>
	
	<!-- 아이디 중복체크 -->
	<select id="selectEmail" parameterType="map" resultType="hashMap">
		select * 
		  from member 
		  <where>
		  	id = #{id}
		  </where> 
	  </select>
</mapper>