<?xml version="1.0" encoding="UTF-8"?>
<!DOCTYPE tiles-definitions PUBLIC
       "-//Apache Software Foundation//DTD Tiles Configuration 3.0//EN"
       "http://tiles.apache.org/dtds/tiles-config_3_0.dtd">
 
<tiles-definitions>
 
    <definition name="default" template="/WEB-INF/views/comn/default-layout.jsp">
    	<put-attribute name="head" value="/WEB-INF/views/comn/default-head.jsp" />
    	<put-attribute name="header" value="/WEB-INF/views/comn/default-header.jsp" />
        <put-attribute name="context" value="" />        
        <put-attribute name="footer" value="/WEB-INF/views/comn/default-footer.jsp" />
    </definition>
    
    <!-- (2) -->
    <definition name="*.wi2m" extends="default">      
      <put-attribute name="context" value="/WEB-INF/views/{1}.jsp" />
    </definition>
    
    <!-- (2) -->
   <definition name="*/*.wi2m" extends="default">      
      <put-attribute name="context" value="/WEB-INF/views/{1}/{2}.jsp" />
    </definition>
    
</tiles-definitions>


